domain,label
instagram-nextjs-three.vercel.app,1
robiox.com.af,1
instshopee.com,1
pedagiodigitalbrasil.com.br,1
subtle-gumdrop-0c8344.netlify.app,1
robiox.com.py,1
forsale.dynadot.com,1
irene0101-cs.github.io,1
roblox.com.ml,1
sekhariam.github.io,1
rectification-fixuserauthentication.vercel.app,1
roblox.com.ge,1
ipfs.io,1
accounts.marketwebb.me,1
nagamanip1702.github.io,1
akashray0025.github.io,1
kuqcoienlogin.webflow.io,1
mam.zeabur.app,1
subhu339.github.io,1
dewa.baaauae.com,1
mohamedbasithvp.github.io,1
arcoder181105.github.io,1
aysha-7.github.io,1
chandan-24a.github.io,1
sajawal54.github.io,1
pub-7b9dc54f172c4efbb2c731d4aa2f884a.r2.dev,1
madebykhush.github.io,1
airbnb-clone-farukipekcom.vercel.app,1
m365stage.wpengine.com,1
swagatika-behera23.github.io,1
pub-f27defc883bc429097196216d6d44e62.r2.dev,1
yogenpl.github.io,1
archana-a-d.github.io,1
roblox.com.ly,1
xn--paypalgebhrenrechner-xec.de,1
devbyd.github.io,1
qocuinlogingle.webflow.io,1
yasirbhtt28.github.io,1
sahana-saini.github.io,1
americanexpress.bnvgf.com,1
robloxblack.pages.dev,1
shadan0711.github.io,1
divyanshi-gif.github.io,1
upholld-loggi05.godaddysites.com,1
ptfuturecommercefrelllance.net,1
kouiikoxulogin.webflow.io,1
nafih2007.github.io,1
ops.swankyscoop.net,1
officialdangerboy.github.io,1
roblox.com.kz,1
web.app-www-whatsapp.com.cn,1
ecom-clone-amber-six.vercel.app,1
rishit-jha-cyber.github.io,1
cxrimaxpay.frbg.biz.id,1
webbsite-danaa.official-helplink.my.id,1
dana-indonesia.help-resmi.my.id,1
itsmeraseeca.github.io,1
roblox.com.py,1
is.gd,1
chandana782.github.io,1
notifyhubss.net,1
vishakha-23.github.io,1
m-asadusman.github.io,1
customer-zinia-amazon.shogenix.cz,1
site-aic91fv1h.godaddysites.com,1
borderclick.com,1
one.link,1
satelliteoffice-1742766257.teamtailor.com,1
advertise-003.top,1
terohub.org,1
alenasaji.github.io,1
sgv170-124.github.io,1
netflixclone-kappa-nine.vercel.app,1
15052233.com,1
1665pp.com,1
1615p.com,1
1775tt.com,1
1165ttt.com,1
15653333.com,1
1165rrrr.com,1
affpoint.net,1
ashwinkumarsenthil2906.github.io,1
003-bca.net,1
slkposwq.thsite.top,1
eslamalqadasi.github.io,1
sanikathorat60.github.io,1
netfimarketing.com,1
iiiio.pages.dev,1
prem.li,1
steamconnmmunity.com,1
netflix-clone-theta-eight.vercel.app,1
web-coinpro-learn.github.io,1
reliable-checklist-334901.framer.app,1
xsahilpatil.github.io,1
fida5641.github.io,1
kartikjoshi7.github.io,1
metsmask-wallet-ix.webflow.io,1
iragift.com,1
media2.ewerlire.ru,1
netflix-clone-project-by-using-html-and-css.vercel.app,1
api.actionpay.com.br,1
nikunjgupta7.github.io,1
booking-com-clone.vercel.app,1
personal-projects-help.appwrite.network,1
gemoni-ux-login.gitbook.io,1
vijinavnair.github.io,1
kkconnloggn.webflow.io,1
tiktokinsurancecenter.com,1
tiktoksellerinsurance.com,1
jauenente.s3.us-east-005.backblazeb2.com,1
185.216.87.32.sslip.io,1
lekshmi-2003.github.io,1
talktalklkh.weebly.com,1
chaitanya-92.github.io,1
scsvfvbfs.vip,1
net.esaricity.ir,1
late-salad-205c.kylejames.workers.dev,1
oficial-icloud.com,1
eng-lucky-sen.github.io,1
visheshrathore.github.io,1
robloxt.co,1
amazon-clone-zeta-bice.vercel.app,1
squad-2-building-control.azurewebsites.net,1
sxsvideosxclip2026.bukaankarahili.online,1
61876.xyz,1
61882.xyz,1
anushkakarmakar-14.github.io,1
aasthax2103.github.io,1
shorturl.pt,1
vrmirror.pages.dev,1
harshitprakash7-arch.github.io,1
nrainternetmarketing.weebly.com,1
wpwarrior.in20.cdn-alpha.com,1
steamcounmunity.com,1
temporada--solcitudmovil.replit.app,1
61874.xyz,1
swissborglgin--apps.webflow.io,1
hamamammamamama4500.com,1
meloguen_geminxi0.godaddysites.com,1
apps.wisertecnologia.com.br,1
att-bonus.com.mx,1
blockbook-dash-2.nodes.zelcore.io,1
blockbook-dash-1.nodes.zelcore.io,1
blockbook-tbtc.nodes.zelcore.io,1
shop.ak-tiyu1.com,1
clientesantaseguro.com,1
bellebell.vercel.app,1
amazon-clone-by-shanmukh.vercel.app,1
uphold.dapporg.online,1
729816coinbase.com,1
krishnasoni231.github.io,1
wap.tiktokshopwholesale.com,1
aunentinhooja.s3.us-east-005.backblazeb2.com,1
titokshopdg.com,1
watleyrealestate.com,1
missing-projects-per.appwrite.network,1
sarthi7491.github.io,1
senseihx4.github.io,1
gauravkumar002.github.io,1
vincent9457.github.io,1
kurekeans_usa_loagginis.godaddysites.com,1
meta-privacy-center-help.vercel.app,1
view.hotelsverifying.org,1
cn-web-whatsapp.hl.cn,1
eaqui-reg-pc.webcindario.com,1
adithyan408.github.io,1
stearmconmumniity.com,1
clecioautosocorro.com.br,1
g.150160.xyz,1
at-web-whatsapp.hl.cn,1
os-web-whatsapp.hl.cn,1
web.whatsapp.sc.cn,1
maples.baaauae.com,1
web.whatsapps.hl.cn,1
whatsapps.hl.cn,1
well-started.ghost.io,1
premiodedescontoshopee.com.br,1
aumentinhofelizx.s3.us-east-005.backblazeb2.com,1
ricardo.ethalt303.com,1
ncafe-articleviewer.com,1
rul.godprox.cc,1
cn-qy7.com,1
netflix1122.com,1
futuraitech.github.io,1
xn--atomicwllet-e7a.io,1
netflixclone-kappa-ten.vercel.app,1
zyrento.vip,1
dpkg.wujialin.dpdns.org,1
at-es-ch-uk-409889bc.azurewebsites.net,1
rafaelmartinsdosanjos27-ship-it.github.io,1
it-web-whatsapp.hl.cn,1
flawlessskincar.com,1
roblox.gf,1
lodfd8fdd.roshunda11.workers.dev,1
surl.li,1
kishore1803.github.io,1
accshomepage-log.github.io,1
sumitawatade1718.github.io,1
regulatesolve.pages.dev,1
mdsuzain.github.io,1
play-sweet-bonanza-drk.website,1
jauementeja.s3.us-east-005.backblazeb2.com,1
roblox.tc,1
garantifirsatlariyaninda.duckdns.org,1
orange98.godaddysites.com,1
personalpowerinternational.com,1
aumentanulimite-limitecerto.s3.us-east-005.backblazeb2.com,1
aumentojasool.s3.us-east-005.backblazeb2.com,1
call.sanaweb.workers.dev,1
booking-com-clone-kappa.vercel.app,1
